{"stage2_loss": [0.5870922207832336, 0.49452337622642517, 0.4499622583389282, 0.44040265679359436], "stage2_acc": [0.6674528121948242, 0.7688679099082947, 0.7877358198165894, 0.7948113083839417], "stage2_val_loss": [0.6234398484230042, 0.6704213619232178, 0.8240771889686584, 0.9529138207435608], "stage2_val_acc": [0.6476190686225891, 0.6476190686225891, 0.6476190686225891, 0.6476190686225891]}